load,seed,last_reward
0.5,0,-4.444444444444445
0.5,1,-9.323591884565623
1.0,0,-12.023104887246324
1.0,1,-20.603497470589584
