load,mean_latency,std_latency
0.5,11.619610640971342,1.9642415339697328
1.0,18.99833259924108,0.46350904471760046
