load,mean_latency,std_latency
0.3,5.492861070484688,0.6628594692753416
0.5,7.167029933928849,2.2841290934137444
0.7,9.50164930224609,1.845922582190267
0.9,11.428729047195157,0.08798758727490053
1.1,11.959462220845142,0.4859019494346008
