load,mean_gap,std_gap,n
0.5,-0.8712603195692572,0.045623055256772516,2
1.0,-0.6949210286264025,0.08023199334696623,2
