load,mean_latency,std_latency
0.3,7.552709977087626,0.22488636600373876
0.7,12.88350539873801,0.6337812821555654
1.1,25.10865746840661,2.477721824867868
