load,mean_latency,std_latency
0.3,6.235810329191554,0.43374119842086806
0.7,11.80309069791133,0.163268923538224
1.1,18.148203772401676,2.267555678856767
